幾|你今年幾歲？|How old are you this year?
在意|別人問你幾歲你會在意嗎？|Do you mind if someone asks you how old you are?
冒犯|你會被冒犯嗎？|Do you feel offended?
秘密|這個問題,我覺得是個秘密。|This question, I think that's a secret.
來自|你來自哪裡？|Where are you from?
友善|我真的很喜歡住在台北，因為人們非常友善。|I really like living in Taipei because the people are very friendly.
參與|台北交通便利，而且有許多活動可以參與。|Taipei transportation is convenient, and there are many activities you can take part in.
學了|你學中文學了多久？|How long have you been learning Chinese?
大概|我學了大概十個月了。|I have been studying for about 10 months.
尤其|我覺得學中文很難，尤其是聲調跟漢字。|I think learning Chinese is very difficult, especially the tones and characters.
初衷|你學中文的初衷是什麼？|What was your original motivation for learning Chinese?
從事|妳現在在從事什麼工作？|What do you do for a living?
內容|你的工作內容主要是什麼？|What are your main job responsibilities?
工程師|我從事軟體工程師。|I'm a software engineer.
編寫|我的主要工作是編寫軟體。|My main job is writing software.
總共|總共時間大概五年多。|I've been doing this for about five years.
害羞|欸...我覺得我是一個比較害羞, 或是內向那樣子的人。|Uh… I think I’m a relatively shy or introverted kind of person.
個性|今天, 我們要來問問大家, 覺得自己是什麼樣個性的人？|Today we are going to ask everyone: What kind of personality do you think you have?
善於|然後我也善於跟人聊天哪、溝通。|And I'm also good at chatting and communicating with people.
解決|我喜歡發現問題、解決問題這樣子。|I enjoy identifying and solving problems.
整體|整體來說，我滿喜歡的。|Overall, I quite like it.
需求 |要一直應付需求的變化，比預期中麻煩多了。|Constantly dealing with changing requirements is much more troublesome than expected.
預期 |要一直應付需求的變化，比預期中麻煩多了。|Constantly dealing with changing requirements is much more troublesome than expected.
既|因為我整天都坐著工作，所以運動既有趣，也讓我越來越健康。|Because I sit at work all day, exercising is both fun and makes me healthier.
渴|你渴不渴？|Are you thirsty?
渴|現在也不太渴，因為我一整天都有在喝水。|I'm not too thirsty either, because I've been drinking water all day.
然而|我喜歡吃很多東西，然而我最喜歡墨西哥菜和印度菜。|I like to eat a lot of things, but my favorites are Mexican and Indian food.
醒|我最喜歡星期六，因為星期六放假，所以我可以睡到自然醒。|I like Saturday the most because it's a holiday, so I can sleep in.
自然 |我最喜歡星期六，因為星期六放假，所以我可以睡到自然醒。|I like Saturday the most because it's a holiday, so I can sleep in.
幾乎|昨天幾乎都在家。|I spent almost all of yesterday at home.
個性|你覺得你是什麼個性的人|What kind of personality do you think you have?
類型|我自己是屬於比較安靜的類型。|I personally belong to a relatively quiet type.
害羞|我覺得我是一個比較害羞, 或是內向那樣子的人。|I think I’m a bit shy, or kind of an introverted person.
正面|你的個性對你的生活有什麼正面的影響？|What positive effects does your personality have on your life?
負面|你的個性對你的生活有什麼負面的影響呢？|And what negative effects does your personality have on your life?
衝突|我覺得相對來說比較容易保持平靜，也不太容易跟人家起衝突。|I think that, relatively speaking, it’s easier for me to stay calm, and I’m not very likely to get into conflicts with other people.
困難|只是有時候可能會讓溝通或交朋友變得比較困難。|But sometimes it can make communication or making friends a bit more difficult.
|你是怎麼開始學中文的？|How did you start learning Chinese?
方法|你用什麼方法來學中文？|What methods do you use to learn Chinese? 
好用|你覺得這些方法好用嗎？|Do you think these methods are effective?
語言中心|來台灣的時候，我去語言中心學中文大概三個月。|When I came to Taiwan, I studied Chinese at a language center for about three months.
斷斷續續|我斷斷續續做了一年左右。|After that, I studied on and off for about a year.
滿|還是滿基本，還是不太好。|It’s still pretty basic, and still not very good.
基本|我覺得中文的聽跟說還是很難。|I think listening and speaking in Chinese are still very difficult.
之前|你之前有在學校上過中文課嗎？|Have you taken Chinese classes in school before?
好處|在學校學語言有什麼好處？|What are the benefits of learning a language in school?
缺點|有什麼缺點？|What are the drawbacks?
才|我在學校沒有上過中文課，來台灣的時候才去語言中心學中文。|I didn’t take Chinese classes in school. It wasn’t until I came to Taiwan that I went to a language center to study Chinese.
扎實|我滿喜歡這種有結構的學習方式，可以把基礎打得比較扎實。|I actually like this kind of structured learning approach—it helps build a solid foundation.
日常|不過缺點是，這種方式比較不貼近日常口語， 而且也不一定會學到自己有興趣的東西。|But the downside is that this approach doesn’t align very closely with everyday spoken language, and it doesn’t necessarily cover things I’m personally interested in.
地方|你喜歡你現在住的地方嗎？|Do you like the place you’re living now?
其實|我其實滿喜歡我現在住的地方，交通很方便，附近也有很多餐廳。|I actually really like the place I live now. The transportation is very convenient, and there are also many restaurants nearby.
捷運|走路到捷運差不多六分鐘，到學校大概二十分鐘。|It’s about a six-minute walk to the MRT, and about a twenty-minute walk to school.
整體|整體來說，我覺得比美國便宜。|Overall, I think it’s cheaper than the United States.
哇塞|哇塞,今天的挑戰很難。|Wow, today’s challenge is really hard.
講|今天是講中文挑戰的第十五天。|Today is day fifteen of the Chinese speaking challenge.
平均|你平均每個月的消費是多少？|On average, how much do you spend each month?
開支|你覺得你的開支中最大的部分是什麼？|What do you think is the biggest part of your expenses?
住宿|一個月的話，大概三萬塊左右。不含住宿費，就是平常吃東西這些。|Per month, it’s probably around 30,000 NT dollars. That doesn’t include housing — it’s mostly just everyday things like food.
開銷|房租是開銷最大的一部分，大概三萬塊。|Rent is the biggest expense, about 30,000 NT dollars.
經常|你經常做運動嗎？|Do you exercise regularly?
運動|你多久一次做運動？|How often do you exercise?
最|你最喜歡做什麼運動？|What kind of exercise do you like the most?
星期|一個星期做運動有三到五次。|I exercise about three to five times a week.
舉重|我最喜歡的運動是舉重，因為可以幫助我培養抗壓能力，也能對抗一些現代文明病。|My favorite type of exercise is weightlifting, because it helps me build resilience to stress, and it can also help combat some modern lifestyle-related illnesses.
生活中|你覺得我們生活中，運動是重要的嗎？|Do you think exercise is important in our daily lives?
必要|必要的嗎？為是嗎？|Is it necessary? Why?
肯定|那肯定是最重要的啦。|It’s definitely the most important thing.
有益|它最有益的就是身體健康。|What it benefits the most is physical health.
提升|運動可以提升免疫力、活動能力，讓肌力變好，也對心肺和心理健康都有幫助。|Exercise can improve immunity and mobility, make your muscles stronger, and it’s also good for both cardiovascular and mental health.
之後|做完之後，真的很舒服。|After exercising, it really feels great.
平時|你平時會做飯?|Do you usually cook?
嗯|嗯，會做一點，但不太會。|Mm, I can cook a little, but not very well.
其實|一個人做飯其實很麻煩，而且在臺灣也不算便宜。|Cooking for one person is actually pretty troublesome, and in Taiwan it’s not really that cheap either.
外賣 |點外賣肯定方便啊，然後其實也比較便宜。|Ordering food delivery is definitely convenient, and actually it’s relatively cheaper.
平時|你平時會點外賣嗎？|Do you usually order food delivery?
平均|一次的外賣平均要花多少錢？|On average, how much does one order cost?
外賣|我平常都會點外賣。|I usually order delivery.
墨西哥|因為我還不太習慣每天吃臺灣菜，所以點外賣的時候，常常會點墨西哥菜或是印度菜。|Because I’m still not very used to eating Taiwanese food every day, when I order delivery, I often choose Mexican food or Indian food.
量|外國菜通常比較貴，所以平均一次大概要花一千多，不過是兩餐的量。|Foreign cuisine is usually more expensive, so on average one order costs a little over 1,000 NT dollars, but it’s enough for two meals.
恢復|你累了的時候會做什麼來恢復精神？|What do you do to recover your energy when you’re tired?
|今天我有一點累。如果我有時間，我可能睡一下。|If I have time, I might take a short nap.
提提神|如果時間不夠、也還不算太晚，我就會喝點咖啡或茶提提神。|If I don’t have enough time and it’s not too late, I’ll have some coffee or tea to perk myself up.
end||